file,mean_rt,std_rt,median_rt,min_rt,max_rt,accuracy
A00051826_SAIIT_2AFC_Block1.csv,86.0,0.0,86.0,86.0,86.0,21.818181818181817
A00051826_SAIIT_2AFC_Block2.csv,87.0,0.0,87.0,87.0,87.0,18.333333333333332
A00051826_SAIIT_2AFC_Block3.csv,88.0,0.0,88.0,88.0,88.0,23.684210526315788
A00051886_SAIIT_2AFC_Block1.csv,86.0,0.0,86.0,86.0,86.0,20.0
A00051886_SAIIT_2AFC_Block2.csv,87.0,0.0,87.0,87.0,87.0,40.74074074074074
A00051886_SAIIT_2AFC_Block3.csv,88.0,0.0,88.0,88.0,88.0,61.53846153846154
A00051955_SAIIT_2AFC_Block1.csv,86.0,0.0,86.0,86.0,86.0,60.0
A00051955_SAIIT_2AFC_Block2.csv,87.0,0.0,87.0,87.0,87.0,33.33333333333333
A00051955_SAIIT_2AFC_Block3.csv,88.0,0.0,88.0,88.0,88.0,28.000000000000004
A00053398_SAIIT_2AFC_Block1.csv,86.0,0.0,86.0,86.0,86.0,42.30769230769231
A00053398_SAIIT_2AFC_Block2.csv,87.0,0.0,87.0,87.0,87.0,68.0
A00053398_SAIIT_2AFC_Block3.csv,88.0,0.0,88.0,88.0,88.0,56.00000000000001
A00053440_SAIIT_2AFC_Block1.csv,86.0,0.0,86.0,86.0,86.0,51.85185185185185
A00053440_SAIIT_2AFC_Block2.csv,87.0,0.0,87.0,87.0,87.0,37.03703703703704
A00053440_SAIIT_2AFC_Block3.csv,88.0,0.0,88.0,88.0,88.0,64.0
A00053460_SAIIT_2AFC_Block1.csv,86.0,0.0,86.0,86.0,86.0,48.0
A00053460_SAIIT_2AFC_Block2.csv,87.0,0.0,87.0,87.0,87.0,80.0
A00053460_SAIIT_2AFC_Block3.csv,88.0,0.0,88.0,88.0,88.0,60.0
A00053480_SAIIT_2AFC_Block1.csv,86.0,0.0,86.0,86.0,86.0,60.0
A00053480_SAIIT_2AFC_Block2.csv,87.0,0.0,87.0,87.0,87.0,56.00000000000001
A00053480_SAIIT_2AFC_Block3.csv,88.0,0.0,88.0,88.0,88.0,48.0
A00053597_SAIIT_2AFC_Block1.csv,86.0,0.0,86.0,86.0,86.0,72.0
A00053597_SAIIT_2AFC_Block2.csv,87.0,0.0,87.0,87.0,87.0,40.0
A00053597_SAIIT_2AFC_Block3.csv,88.0,0.0,88.0,88.0,88.0,84.0
A00053909_SAIIT_2AFC_Block1.csv,86.0,0.0,86.0,86.0,86.0,48.0
A00053909_SAIIT_2AFC_Block2.csv,87.0,0.0,87.0,87.0,87.0,44.0
A00053909_SAIIT_2AFC_Block3.csv,88.0,0.0,88.0,88.0,88.0,56.00000000000001
A00053990_SAIIT_2AFC_Block1.csv,86.0,0.0,86.0,86.0,86.0,46.15384615384615
A00053990_SAIIT_2AFC_Block2.csv,87.0,0.0,87.0,87.0,87.0,62.96296296296296
A00053990_SAIIT_2AFC_Block3.csv,88.0,0.0,88.0,88.0,88.0,40.0
A00054023_SAIIT_2AFC_Block1.csv,86.0,0.0,86.0,86.0,86.0,64.0
A00054023_SAIIT_2AFC_Block2.csv,87.0,0.0,87.0,87.0,87.0,53.84615384615385
A00054023_SAIIT_2AFC_Block3.csv,88.0,0.0,88.0,88.0,88.0,30.76923076923077
A00054039_SAIIT_2AFC_Block1.csv,86.0,0.0,86.0,86.0,86.0,38.46153846153847
A00054039_SAIIT_2AFC_Block2.csv,87.0,0.0,87.0,87.0,87.0,50.0
A00054039_SAIIT_2AFC_Block3.csv,88.0,0.0,88.0,88.0,88.0,28.000000000000004
A00054207_SAIIT_2AFC_Block1.csv,86.0,0.0,86.0,86.0,86.0,60.0
A00054207_SAIIT_2AFC_Block2.csv,87.0,0.0,87.0,87.0,87.0,56.00000000000001
A00054207_SAIIT_2AFC_Block3.csv,88.0,0.0,88.0,88.0,88.0,28.000000000000004
A00054215_SAIIT_2AFC_Block1.csv,86.0,0.0,86.0,86.0,86.0,48.148148148148145
A00054215_SAIIT_2AFC_Block2.csv,87.0,0.0,87.0,87.0,87.0,57.692307692307686
A00054215_SAIIT_2AFC_Block3.csv,88.0,0.0,88.0,88.0,88.0,32.0
A00054239_SAIIT_2AFC_Block1.csv,86.0,0.0,86.0,86.0,86.0,60.0
A00054239_SAIIT_2AFC_Block2.csv,87.0,0.0,87.0,87.0,87.0,48.0
A00054239_SAIIT_2AFC_Block3.csv,88.0,0.0,88.0,88.0,88.0,32.0
A00054287_SAIIT_2AFC_Block1.csv,86.0,0.0,86.0,86.0,86.0,58.620689655172406
A00054287_SAIIT_2AFC_Block2.csv,87.0,0.0,87.0,87.0,87.0,48.0
A00054287_SAIIT_2AFC_Block3.csv,88.0,0.0,88.0,88.0,88.0,50.0
A00054359_SAIIT_2AFC_Block1.csv,86.0,0.0,86.0,86.0,86.0,30.555555555555557
A00054359_SAIIT_2AFC_Block2.csv,87.0,0.0,87.0,87.0,87.0,72.0
A00054359_SAIIT_2AFC_Block3.csv,88.0,0.0,88.0,88.0,88.0,28.000000000000004
A00054369_SAIIT_2AFC_Block1.csv,86.0,0.0,86.0,86.0,86.0,44.0
A00054369_SAIIT_2AFC_Block2.csv,87.0,0.0,87.0,87.0,87.0,37.03703703703704
A00054369_SAIIT_2AFC_Block3.csv,88.0,0.0,88.0,88.0,88.0,24.0
A00054387_SAIIT_2AFC_Block1.csv,86.0,0.0,86.0,86.0,86.0,41.37931034482759
A00054387_SAIIT_2AFC_Block2.csv,87.0,0.0,87.0,87.0,87.0,53.84615384615385
A00054387_SAIIT_2AFC_Block3.csv,88.0,0.0,88.0,88.0,88.0,38.46153846153847
A00054400_SAIIT_2AFC_Block1.csv,86.0,0.0,86.0,86.0,86.0,88.0
A00054400_SAIIT_2AFC_Block2.csv,87.0,0.0,87.0,87.0,87.0,68.0
A00054400_SAIIT_2AFC_Block3.csv,88.0,0.0,88.0,88.0,88.0,68.0
A00054417_SAIIT_2AFC_Block1.csv,86.0,0.0,86.0,86.0,86.0,56.00000000000001
A00054417_SAIIT_2AFC_Block2.csv,87.0,0.0,87.0,87.0,87.0,51.85185185185185
A00054417_SAIIT_2AFC_Block3.csv,88.0,0.0,88.0,88.0,88.0,56.00000000000001
A00054469_SAIIT_2AFC_Block1.csv,86.0,0.0,86.0,86.0,86.0,25.925925925925924
A00054469_SAIIT_2AFC_Block2.csv,87.0,0.0,87.0,87.0,87.0,51.85185185185185
A00054469_SAIIT_2AFC_Block3.csv,88.0,0.0,88.0,88.0,88.0,37.03703703703704
A00054488_SAIIT_2AFC_Block1.csv,86.0,0.0,86.0,86.0,86.0,40.0
A00054488_SAIIT_2AFC_Block2.csv,87.0,0.0,87.0,87.0,87.0,44.0
A00054488_SAIIT_2AFC_Block3.csv,88.0,0.0,88.0,88.0,88.0,44.0
A00054517_SAIIT_2AFC_Block1.csv,86.0,0.0,86.0,86.0,86.0,50.0
A00054517_SAIIT_2AFC_Block2.csv,87.0,0.0,87.0,87.0,87.0,26.923076923076923
A00054517_SAIIT_2AFC_Block3.csv,88.0,0.0,88.0,88.0,88.0,48.275862068965516
A00054535_SAIIT_2AFC_Block1.csv,86.0,0.0,86.0,86.0,86.0,68.0
A00054535_SAIIT_2AFC_Block2.csv,87.0,0.0,87.0,87.0,87.0,52.0
A00054535_SAIIT_2AFC_Block3.csv,88.0,0.0,88.0,88.0,88.0,80.0
A00054597_SAIIT_2AFC_Block1.csv,86.0,0.0,86.0,86.0,86.0,60.0
A00054597_SAIIT_2AFC_Block2.csv,87.0,0.0,87.0,87.0,87.0,68.0
A00054597_SAIIT_2AFC_Block3.csv,88.0,0.0,88.0,88.0,88.0,68.0
A00054623_SAIIT_2AFC_Block1.csv,86.0,0.0,86.0,86.0,86.0,40.74074074074074
A00054623_SAIIT_2AFC_Block2.csv,87.0,0.0,87.0,87.0,87.0,56.00000000000001
A00054623_SAIIT_2AFC_Block3.csv,88.0,0.0,88.0,88.0,88.0,28.000000000000004
A00054647_SAIIT_2AFC_Block1.csv,86.0,0.0,86.0,86.0,86.0,60.0
A00054647_SAIIT_2AFC_Block2.csv,87.0,0.0,87.0,87.0,87.0,42.30769230769231
A00054647_SAIIT_2AFC_Block3.csv,88.0,0.0,88.0,88.0,88.0,56.00000000000001
A00054659_SAIIT_2AFC_Block1.csv,86.0,0.0,86.0,86.0,86.0,30.555555555555557
A00054659_SAIIT_2AFC_Block2.csv,87.0,0.0,87.0,87.0,87.0,35.714285714285715
A00054659_SAIIT_2AFC_Block3.csv,88.0,0.0,88.0,88.0,88.0,34.61538461538461
A00054666_SAIIT_2AFC_Block1.csv,86.0,0.0,86.0,86.0,86.0,46.15384615384615
A00054666_SAIIT_2AFC_Block2.csv,87.0,0.0,87.0,87.0,87.0,39.39393939393939
A00054666_SAIIT_2AFC_Block3.csv,88.0,0.0,88.0,88.0,88.0,28.57142857142857
A00054673_SAIIT_2AFC_Block1.csv,86.0,0.0,86.0,86.0,86.0,48.148148148148145
A00054673_SAIIT_2AFC_Block2.csv,87.0,0.0,87.0,87.0,87.0,25.806451612903224
A00054673_SAIIT_2AFC_Block3.csv,88.0,0.0,88.0,88.0,88.0,60.0
A00054694_SAIIT_2AFC_Block1.csv,86.0,0.0,86.0,86.0,86.0,25.925925925925924
A00054694_SAIIT_2AFC_Block2.csv,87.0,0.0,87.0,87.0,87.0,41.37931034482759
A00054694_SAIIT_2AFC_Block3.csv,88.0,0.0,88.0,88.0,88.0,36.666666666666664
A00054721_SAIIT_2AFC_Block1.csv,86.0,0.0,86.0,86.0,86.0,42.30769230769231
A00054721_SAIIT_2AFC_Block2.csv,87.0,0.0,87.0,87.0,87.0,42.30769230769231
A00054721_SAIIT_2AFC_Block3.csv,88.0,0.0,88.0,88.0,88.0,24.0
A00054743_SAIIT_2AFC_Block1.csv,86.0,0.0,86.0,86.0,86.0,60.0
A00054743_SAIIT_2AFC_Block2.csv,87.0,0.0,87.0,87.0,87.0,52.0
A00054743_SAIIT_2AFC_Block3.csv,88.0,0.0,88.0,88.0,88.0,32.0
A00054753_SAIIT_2AFC_Block1.csv,86.0,0.0,86.0,86.0,86.0,36.0
A00054753_SAIIT_2AFC_Block2.csv,87.0,0.0,87.0,87.0,87.0,52.0
A00054753_SAIIT_2AFC_Block3.csv,88.0,0.0,88.0,88.0,88.0,80.0
A00054766_SAIIT_2AFC_Block1.csv,86.0,0.0,86.0,86.0,86.0,60.0
A00054766_SAIIT_2AFC_Block2.csv,87.0,0.0,87.0,87.0,87.0,44.44444444444444
A00054766_SAIIT_2AFC_Block3.csv,88.0,0.0,88.0,88.0,88.0,19.565217391304348
A00054817_SAIIT_2AFC_Block1.csv,86.0,0.0,86.0,86.0,86.0,37.03703703703704
A00054817_SAIIT_2AFC_Block2.csv,87.0,0.0,87.0,87.0,87.0,37.03703703703704
A00054817_SAIIT_2AFC_Block3.csv,88.0,0.0,88.0,88.0,88.0,52.0
A00054852_SAIIT_2AFC_Block1.csv,86.0,0.0,86.0,86.0,86.0,80.0
A00054852_SAIIT_2AFC_Block2.csv,87.0,0.0,87.0,87.0,87.0,52.0
A00054852_SAIIT_2AFC_Block3.csv,88.0,0.0,88.0,88.0,88.0,50.0
A00054866_SAIIT_2AFC_Block1.csv,86.0,0.0,86.0,86.0,86.0,38.46153846153847
A00054866_SAIIT_2AFC_Block2.csv,87.0,0.0,87.0,87.0,87.0,68.0
A00054866_SAIIT_2AFC_Block3.csv,88.0,0.0,88.0,88.0,88.0,37.03703703703704
A00054894_SAIIT_2AFC_Block1.csv,86.0,0.0,86.0,86.0,86.0,60.0
A00054894_SAIIT_2AFC_Block2.csv,87.0,0.0,87.0,87.0,87.0,34.61538461538461
A00054894_SAIIT_2AFC_Block3.csv,88.0,0.0,88.0,88.0,88.0,28.000000000000004
A00054907_SAIIT_2AFC_Block1.csv,86.0,0.0,86.0,86.0,86.0,25.53191489361702
A00054907_SAIIT_2AFC_Block2.csv,87.0,0.0,87.0,87.0,87.0,52.0
A00054907_SAIIT_2AFC_Block3.csv,88.0,0.0,88.0,88.0,88.0,48.0
A00054917_SAIIT_2AFC_Block1.csv,86.0,0.0,86.0,86.0,86.0,40.625
A00054917_SAIIT_2AFC_Block2.csv,87.0,0.0,87.0,87.0,87.0,35.483870967741936
A00054917_SAIIT_2AFC_Block3.csv,88.0,0.0,88.0,88.0,88.0,23.52941176470588
A00054923_SAIIT_2AFC_Block1.csv,86.0,0.0,86.0,86.0,86.0,67.85714285714286
A00054923_SAIIT_2AFC_Block2.csv,87.0,0.0,87.0,87.0,87.0,40.0
A00054923_SAIIT_2AFC_Block3.csv,88.0,0.0,88.0,88.0,88.0,52.0
A00054930_SAIIT_2AFC_Block1.csv,86.0,0.0,86.0,86.0,86.0,64.0
A00054930_SAIIT_2AFC_Block2.csv,87.0,0.0,87.0,87.0,87.0,68.0
A00054930_SAIIT_2AFC_Block3.csv,88.0,0.0,88.0,88.0,88.0,28.000000000000004
A00055024_SAIIT_2AFC_Block1.csv,86.0,0.0,86.0,86.0,86.0,44.44444444444444
A00055024_SAIIT_2AFC_Block2.csv,87.0,0.0,87.0,87.0,87.0,68.0
A00055024_SAIIT_2AFC_Block3.csv,88.0,0.0,88.0,88.0,88.0,38.46153846153847
A00055038_SAIIT_2AFC_Block1.csv,86.0,0.0,86.0,86.0,86.0,27.27272727272727
A00055038_SAIIT_2AFC_Block2.csv,87.0,0.0,87.0,87.0,87.0,35.294117647058826
A00055038_SAIIT_2AFC_Block3.csv,88.0,0.0,88.0,88.0,88.0,33.33333333333333
A00055055_SAIIT_2AFC_Block1.csv,86.0,0.0,86.0,86.0,86.0,56.00000000000001
A00055055_SAIIT_2AFC_Block2.csv,87.0,0.0,87.0,87.0,87.0,46.15384615384615
A00055055_SAIIT_2AFC_Block3.csv,88.0,0.0,88.0,88.0,88.0,32.0
A00055077_SAIIT_2AFC_Block1.csv,86.0,0.0,86.0,86.0,86.0,52.0
A00055077_SAIIT_2AFC_Block2.csv,87.0,0.0,87.0,87.0,87.0,52.0
A00055077_SAIIT_2AFC_Block3.csv,88.0,0.0,88.0,88.0,88.0,34.61538461538461
A00055085_SAIIT_2AFC_Block1.csv,86.0,0.0,86.0,86.0,86.0,37.03703703703704
A00055085_SAIIT_2AFC_Block2.csv,87.0,0.0,87.0,87.0,87.0,56.00000000000001
A00055085_SAIIT_2AFC_Block3.csv,88.0,0.0,88.0,88.0,88.0,57.692307692307686
A00055103_SAIIT_2AFC_Block1.csv,86.0,0.0,86.0,86.0,86.0,50.0
A00055103_SAIIT_2AFC_Block2.csv,87.0,0.0,87.0,87.0,87.0,50.0
A00055296_SAIIT_2AFC_Block1.csv,86.0,0.0,86.0,86.0,86.0,40.625
A00055296_SAIIT_2AFC_Block2.csv,87.0,0.0,87.0,87.0,87.0,33.33333333333333
A00055392_SAIIT_2AFC_Block1.csv,86.0,0.0,86.0,86.0,86.0,37.03703703703704
A00055392_SAIIT_2AFC_Block2.csv,87.0,0.0,87.0,87.0,87.0,56.00000000000001
A00055392_SAIIT_2AFC_Block3.csv,88.0,0.0,88.0,88.0,88.0,72.0
A00055424_SAIIT_2AFC_Block1.csv,86.0,0.0,86.0,86.0,86.0,44.44444444444444
A00055424_SAIIT_2AFC_Block2.csv,87.0,0.0,87.0,87.0,87.0,37.03703703703704
A00055424_SAIIT_2AFC_Block3.csv,88.0,0.0,88.0,88.0,88.0,24.0
A00055429_SAIIT_2AFC_Block1.csv,86.0,0.0,86.0,86.0,86.0,50.0
A00055429_SAIIT_2AFC_Block2.csv,87.0,0.0,87.0,87.0,87.0,56.00000000000001
A00055429_SAIIT_2AFC_Block3.csv,88.0,0.0,88.0,88.0,88.0,28.000000000000004
A00055436_SAIIT_2AFC_Block1.csv,86.0,0.0,86.0,86.0,86.0,14.285714285714285
A00055436_SAIIT_2AFC_Block2.csv,87.0,0.0,87.0,87.0,87.0,32.432432432432435
A00055540_SAIIT_2AFC_Block1.csv,86.0,0.0,86.0,86.0,86.0,60.0
A00055540_SAIIT_2AFC_Block2.csv,87.0,0.0,87.0,87.0,87.0,64.0
A00055540_SAIIT_2AFC_Block3.csv,88.0,0.0,88.0,88.0,88.0,42.30769230769231
A00055613_SAIIT_2AFC_Block1.csv,86.0,0.0,86.0,86.0,86.0,25.0
A00055613_SAIIT_2AFC_Block2.csv,87.0,0.0,87.0,87.0,87.0,37.03703703703704
A00055613_SAIIT_2AFC_Block3.csv,88.0,0.0,88.0,88.0,88.0,64.0
A00055623_SAIIT_2AFC_Block1.csv,86.0,0.0,86.0,86.0,86.0,48.0
A00055623_SAIIT_2AFC_Block2.csv,87.0,0.0,87.0,87.0,87.0,42.30769230769231
A00055623_SAIIT_2AFC_Block3.csv,88.0,0.0,88.0,88.0,88.0,48.0
A00055628_SAIIT_2AFC_Block1.csv,86.0,0.0,86.0,86.0,86.0,48.0
A00055628_SAIIT_2AFC_Block2.csv,87.0,0.0,87.0,87.0,87.0,51.85185185185185
A00055628_SAIIT_2AFC_Block3.csv,88.0,0.0,88.0,88.0,88.0,36.0
A00055649_SAIIT_2AFC_Block1.csv,86.0,0.0,86.0,86.0,86.0,52.0
A00055649_SAIIT_2AFC_Block2.csv,87.0,0.0,87.0,87.0,87.0,36.0
A00055649_SAIIT_2AFC_Block3.csv,88.0,0.0,88.0,88.0,88.0,40.0
A00055662_SAIIT_2AFC_Block1.csv,86.0,0.0,86.0,86.0,86.0,48.0
A00055662_SAIIT_2AFC_Block2.csv,87.0,0.0,87.0,87.0,87.0,28.000000000000004
A00055662_SAIIT_2AFC_Block3.csv,88.0,0.0,88.0,88.0,88.0,34.48275862068966
A00055682_SAIIT_2AFC_Block1.csv,86.0,0.0,86.0,86.0,86.0,20.634920634920633
A00055682_SAIIT_2AFC_Block2.csv,87.0,0.0,87.0,87.0,87.0,51.85185185185185
A00055682_SAIIT_2AFC_Block3.csv,88.0,0.0,88.0,88.0,88.0,53.84615384615385
A00055731_SAIIT_2AFC_Block1.csv,86.0,0.0,86.0,86.0,86.0,56.00000000000001
A00055731_SAIIT_2AFC_Block2.csv,87.0,0.0,87.0,87.0,87.0,64.0
A00055731_SAIIT_2AFC_Block3.csv,88.0,0.0,88.0,88.0,88.0,56.00000000000001
A00055745_SAIIT_2AFC_Block1.csv,86.0,0.0,86.0,86.0,86.0,30.0
A00055745_SAIIT_2AFC_Block2.csv,87.0,0.0,87.0,87.0,87.0,34.48275862068966
A00055745_SAIIT_2AFC_Block3.csv,88.0,0.0,88.0,88.0,88.0,36.0
A00055837_SAIIT_2AFC_Block1.csv,86.0,0.0,86.0,86.0,86.0,64.0
A00055837_SAIIT_2AFC_Block2.csv,87.0,0.0,87.0,87.0,87.0,32.142857142857146
A00055837_SAIIT_2AFC_Block3.csv,88.0,0.0,88.0,88.0,88.0,68.0
A00055865_SAIIT_2AFC_Block1.csv,86.0,0.0,86.0,86.0,86.0,60.0
A00055865_SAIIT_2AFC_Block2.csv,87.0,0.0,87.0,87.0,87.0,36.0
A00055865_SAIIT_2AFC_Block3.csv,88.0,0.0,88.0,88.0,88.0,48.0
A00055893_SAIIT_2AFC_Block1.csv,86.0,0.0,86.0,86.0,86.0,32.0
A00055893_SAIIT_2AFC_Block2.csv,87.0,0.0,87.0,87.0,87.0,48.0
A00055893_SAIIT_2AFC_Block3.csv,88.0,0.0,88.0,88.0,88.0,32.0
A00055910_SAIIT_2AFC_Block1.csv,86.0,0.0,86.0,86.0,86.0,33.33333333333333
A00055910_SAIIT_2AFC_Block2.csv,87.0,0.0,87.0,87.0,87.0,48.0
A00055910_SAIIT_2AFC_Block3.csv,88.0,0.0,88.0,88.0,88.0,40.0
A00055947_SAIIT_2AFC_Block1.csv,86.0,0.0,86.0,86.0,86.0,50.0
A00055947_SAIIT_2AFC_Block2.csv,87.0,0.0,87.0,87.0,87.0,47.05882352941176
A00055947_SAIIT_2AFC_Block3.csv,88.0,0.0,88.0,88.0,88.0,53.84615384615385
A00055956_SAIIT_2AFC_Block1.csv,86.0,0.0,86.0,86.0,86.0,46.15384615384615
A00055956_SAIIT_2AFC_Block2.csv,87.0,0.0,87.0,87.0,87.0,26.923076923076923
A00055956_SAIIT_2AFC_Block3.csv,88.0,0.0,88.0,88.0,88.0,44.0
A00056002_SAIIT_2AFC_Block1.csv,86.0,0.0,86.0,86.0,86.0,45.16129032258064
A00056002_SAIIT_2AFC_Block2.csv,87.0,0.0,87.0,87.0,87.0,53.84615384615385
A00056002_SAIIT_2AFC_Block3.csv,88.0,0.0,88.0,88.0,88.0,28.000000000000004
A00056054_SAIIT_2AFC_Block1.csv,86.0,0.0,86.0,86.0,86.0,56.00000000000001
A00056054_SAIIT_2AFC_Block2.csv,87.0,0.0,87.0,87.0,87.0,56.00000000000001
A00056054_SAIIT_2AFC_Block3.csv,88.0,0.0,88.0,88.0,88.0,24.0
A00056116_SAIIT_2AFC_Block1.csv,86.0,0.0,86.0,86.0,86.0,72.0
A00056116_SAIIT_2AFC_Block2.csv,87.0,0.0,87.0,87.0,87.0,64.0
A00056116_SAIIT_2AFC_Block3.csv,88.0,0.0,88.0,88.0,88.0,68.0
A00056166_SAIIT_2AFC_Block1.csv,86.0,0.0,86.0,86.0,86.0,37.03703703703704
A00056166_SAIIT_2AFC_Block2.csv,87.0,0.0,87.0,87.0,87.0,46.15384615384615
A00056166_SAIIT_2AFC_Block3.csv,88.0,0.0,88.0,88.0,88.0,46.15384615384615
A00056257_SAIIT_2AFC_Block1.csv,86.0,0.0,86.0,86.0,86.0,68.0
A00056257_SAIIT_2AFC_Block2.csv,87.0,0.0,87.0,87.0,87.0,53.84615384615385
A00056257_SAIIT_2AFC_Block3.csv,88.0,0.0,88.0,88.0,88.0,57.692307692307686
A00056428_SAIIT_2AFC_Block1.csv,86.0,0.0,86.0,86.0,86.0,52.0
A00056428_SAIIT_2AFC_Block2.csv,87.0,0.0,87.0,87.0,87.0,64.0
A00056428_SAIIT_2AFC_Block3.csv,88.0,0.0,88.0,88.0,88.0,24.0
A00056604_SAIIT_2AFC_Block1.csv,86.0,0.0,86.0,86.0,86.0,34.48275862068966
A00056604_SAIIT_2AFC_Block2.csv,87.0,0.0,87.0,87.0,87.0,48.0
A00056604_SAIIT_2AFC_Block3.csv,88.0,0.0,88.0,88.0,88.0,46.15384615384615
A00056693_SAIIT_2AFC_Block1.csv,86.0,0.0,86.0,86.0,86.0,60.0
A00056693_SAIIT_2AFC_Block2.csv,87.0,0.0,87.0,87.0,87.0,50.0
A00056693_SAIIT_2AFC_Block3.csv,88.0,0.0,88.0,88.0,88.0,36.0
A00056716_SAIIT_2AFC_Block1.csv,86.0,0.0,86.0,86.0,86.0,64.0
A00056716_SAIIT_2AFC_Block2.csv,87.0,0.0,87.0,87.0,87.0,68.0
A00056716_SAIIT_2AFC_Block3.csv,88.0,0.0,88.0,88.0,88.0,72.0
A00056723_SAIIT_2AFC_Block1.csv,86.0,0.0,86.0,86.0,86.0,76.92307692307693
A00056723_SAIIT_2AFC_Block3.csv,88.0,0.0,88.0,88.0,88.0,42.30769230769231
A00056733_SAIIT_2AFC_Block1.csv,86.0,0.0,86.0,86.0,86.0,56.00000000000001
A00056733_SAIIT_2AFC_Block2.csv,87.0,0.0,87.0,87.0,87.0,55.55555555555556
A00056733_SAIIT_2AFC_Block3.csv,88.0,0.0,88.0,88.0,88.0,56.00000000000001
A00056762_SAIIT_2AFC_Block1.csv,86.0,0.0,86.0,86.0,86.0,48.0
A00056762_SAIIT_2AFC_Block2.csv,87.0,0.0,87.0,87.0,87.0,40.0
A00056762_SAIIT_2AFC_Block3.csv,88.0,0.0,88.0,88.0,88.0,44.0
A00056913_SAIIT_2AFC_Block1.csv,86.0,0.0,86.0,86.0,86.0,56.00000000000001
A00056913_SAIIT_2AFC_Block2.csv,87.0,0.0,87.0,87.0,87.0,64.0
A00056913_SAIIT_2AFC_Block3.csv,88.0,0.0,88.0,88.0,88.0,48.0
A00057092_SAIIT_2AFC_Block1.csv,86.0,0.0,86.0,86.0,86.0,60.0
A00057092_SAIIT_2AFC_Block2.csv,87.0,0.0,87.0,87.0,87.0,52.0
A00057092_SAIIT_2AFC_Block3.csv,88.0,0.0,88.0,88.0,88.0,64.0
A00057599_SAIIT_2AFC_Block1.csv,86.0,0.0,86.0,86.0,86.0,72.0
A00057599_SAIIT_2AFC_Block2.csv,87.0,0.0,87.0,87.0,87.0,36.0
A00057599_SAIIT_2AFC_Block3.csv,88.0,0.0,88.0,88.0,88.0,40.74074074074074
A00057630_SAIIT_2AFC_Block1.csv,86.0,0.0,86.0,86.0,86.0,64.0
A00057630_SAIIT_2AFC_Block3.csv,88.0,0.0,88.0,88.0,88.0,69.23076923076923
A00058596_SAIIT_2AFC_Block1.csv,86.0,0.0,86.0,86.0,86.0,50.0
A00058775_SAIIT_2AFC_Block1.csv,86.0,0.0,86.0,86.0,86.0,50.0
A00058775_SAIIT_2AFC_Block2.csv,87.0,0.0,87.0,87.0,87.0,44.0
A00058775_SAIIT_2AFC_Block3.csv,88.0,0.0,88.0,88.0,88.0,40.0
A00059063_SAIIT_2AFC_Block1.csv,86.0,0.0,86.0,86.0,86.0,51.85185185185185
A00059063_SAIIT_2AFC_Block2.csv,87.0,0.0,87.0,87.0,87.0,40.74074074074074
A00059063_SAIIT_2AFC_Block3.csv,88.0,0.0,88.0,88.0,88.0,48.148148148148145
A00059083_SAIIT_2AFC_Block1.csv,86.0,0.0,86.0,86.0,86.0,55.172413793103445
A00059083_SAIIT_2AFC_Block2.csv,87.0,0.0,87.0,87.0,87.0,31.25
A00059083_SAIIT_2AFC_Block3.csv,88.0,0.0,88.0,88.0,88.0,32.25806451612903
A00059578_SAIIT_2AFC_Block1.csv,86.0,0.0,86.0,86.0,86.0,37.03703703703704
A00059578_SAIIT_2AFC_Block2.csv,87.0,0.0,87.0,87.0,87.0,34.48275862068966
A00059578_SAIIT_2AFC_Block3.csv,88.0,0.0,88.0,88.0,88.0,26.666666666666668
A00059904_SAIIT_2AFC_Block1.csv,86.0,0.0,86.0,86.0,86.0,33.33333333333333
A00059904_SAIIT_2AFC_Block2.csv,87.0,0.0,87.0,87.0,87.0,48.0
A00059904_SAIIT_2AFC_Block3.csv,88.0,0.0,88.0,88.0,88.0,60.0
A00062029_SAIIT_2AFC_Block1.csv,86.0,0.0,86.0,86.0,86.0,40.0
A00062029_SAIIT_2AFC_Block2.csv,87.0,0.0,87.0,87.0,87.0,64.0
A00062029_SAIIT_2AFC_Block3.csv,88.0,0.0,88.0,88.0,88.0,42.857142857142854
A00062055_SAIIT_2AFC_Block1.csv,86.0,0.0,86.0,86.0,86.0,46.875
A00062055_SAIIT_2AFC_Block2.csv,87.0,0.0,87.0,87.0,87.0,34.61538461538461
A00062055_SAIIT_2AFC_Block3.csv,88.0,0.0,88.0,88.0,88.0,42.30769230769231
A00062125_SAIIT_2AFC_Block1.csv,86.0,0.0,86.0,86.0,86.0,28.57142857142857
A00062125_SAIIT_2AFC_Block2.csv,87.0,0.0,87.0,87.0,87.0,40.625
A00062125_SAIIT_2AFC_Block3.csv,88.0,0.0,88.0,88.0,88.0,44.0
A00062165_SAIIT_2AFC_Block1.csv,86.0,0.0,86.0,86.0,86.0,48.0
A00062165_SAIIT_2AFC_Block2.csv,87.0,0.0,87.0,87.0,87.0,48.0
A00062165_SAIIT_2AFC_Block3.csv,88.0,0.0,88.0,88.0,88.0,52.0
A00062219_SAIIT_2AFC_Block1.csv,86.0,0.0,86.0,86.0,86.0,42.857142857142854
A00062219_SAIIT_2AFC_Block2.csv,87.0,0.0,87.0,87.0,87.0,60.0
A00062219_SAIIT_2AFC_Block3.csv,88.0,0.0,88.0,88.0,88.0,34.61538461538461
A00062279_SAIIT_2AFC_Block1.csv,86.0,0.0,86.0,86.0,86.0,60.0
A00062279_SAIIT_2AFC_Block2.csv,87.0,0.0,87.0,87.0,87.0,48.0
A00062279_SAIIT_2AFC_Block3.csv,88.0,0.0,88.0,88.0,88.0,44.44444444444444
A00062329_SAIIT_2AFC_Block1.csv,86.0,0.0,86.0,86.0,86.0,4.8
A00062329_SAIIT_2AFC_Block2.csv,87.0,0.0,87.0,87.0,87.0,29.411764705882355
A00062329_SAIIT_2AFC_Block3.csv,88.0,0.0,88.0,88.0,88.0,13.88888888888889
A00062408_SAIIT_2AFC_Block1.csv,86.0,0.0,86.0,86.0,86.0,16.0
A00062408_SAIIT_2AFC_Block2.csv,87.0,0.0,87.0,87.0,87.0,4.0
A00062408_SAIIT_2AFC_Block3.csv,88.0,0.0,88.0,88.0,88.0,48.0
A00062435_SAIIT_2AFC_Block1.csv,86.0,0.0,86.0,86.0,86.0,50.0
A00062435_SAIIT_2AFC_Block2.csv,87.0,0.0,87.0,87.0,87.0,52.0
A00062435_SAIIT_2AFC_Block3.csv,88.0,0.0,88.0,88.0,88.0,44.0
A00062453_SAIIT_2AFC_Block1.csv,86.0,0.0,86.0,86.0,86.0,35.714285714285715
A00062578_SAIIT_2AFC_Block1.csv,86.0,0.0,86.0,86.0,86.0,52.0
A00062578_SAIIT_2AFC_Block3.csv,88.0,0.0,88.0,88.0,88.0,52.0
A00062704_SAIIT_2AFC_Block1.csv,86.0,0.0,86.0,86.0,86.0,64.0
A00062704_SAIIT_2AFC_Block2.csv,87.0,0.0,87.0,87.0,87.0,39.285714285714285
A00062704_SAIIT_2AFC_Block3.csv,88.0,0.0,88.0,88.0,88.0,37.93103448275862
A00062842_SAIIT_2AFC_Block1.csv,86.0,0.0,86.0,86.0,86.0,48.38709677419355
A00062842_SAIIT_2AFC_Block2.csv,87.0,0.0,87.0,87.0,87.0,62.96296296296296
A00062842_SAIIT_2AFC_Block3.csv,88.0,0.0,88.0,88.0,88.0,51.85185185185185
A00062919_SAIIT_2AFC_Block3.csv,88.0,0.0,88.0,88.0,88.0,44.0
A00062951_SAIIT_2AFC_Block1.csv,86.0,0.0,86.0,86.0,86.0,38.46153846153847
A00063029_SAIIT_2AFC_Block1.csv,86.0,0.0,86.0,86.0,86.0,3.557312252964427
A00063029_SAIIT_2AFC_Block2.csv,87.0,0.0,87.0,87.0,87.0,53.84615384615385
A00063029_SAIIT_2AFC_Block3.csv,88.0,0.0,88.0,88.0,88.0,60.0
A00063051_SAIIT_2AFC_Block1.csv,86.0,0.0,86.0,86.0,86.0,10.434782608695652
A00063051_SAIIT_2AFC_Block2.csv,87.0,0.0,87.0,87.0,87.0,26.666666666666668
A00063051_SAIIT_2AFC_Block3.csv,88.0,0.0,88.0,88.0,88.0,40.0
A00063117_SAIIT_2AFC_Block1.csv,86.0,0.0,86.0,86.0,86.0,8.181818181818182
A00063117_SAIIT_2AFC_Block2.csv,87.0,0.0,87.0,87.0,87.0,68.0
A00063117_SAIIT_2AFC_Block3.csv,88.0,0.0,88.0,88.0,88.0,40.0
A00063377_SAIIT_2AFC_Block1.csv,86.0,0.0,86.0,86.0,86.0,36.0
A00063377_SAIIT_2AFC_Block2.csv,87.0,0.0,87.0,87.0,87.0,36.0
A00063377_SAIIT_2AFC_Block3.csv,88.0,0.0,88.0,88.0,88.0,44.0
